locus	nsnps	PP.H0	PP.H1	PP.H2	PP.H3	PP.H4	lead_snp
chr1:49.7-50.7Mb	400	9.00794072885072e-35	8.67934279941249e-19	7.54504322907937e-18	0.0717698687936971	0.928230131206309	rs9000200
chr1:59.6-60.9Mb	400	1.15310698254321e-29	2.20497333810426e-15	5.22957335862658e-15	0.999999999999986	3.82691690096159e-17	rs9000751
